Day,Priority,Brand,Country,Segment,Styla category,For,Website,Likely chart URL — VERIFY,Columns to look for,Status,Uploaded,Cuts found,Notes
Day 1,P1,7 For All Mankind,US,Denim,Bottoms,Both,https://7forallmankind.com,https://7forallmankind.com/pages/size-guide,"waist, hip, inseam, rise, thigh, leg opening",Not started,No,,
Day 1,P1,AG Jeans,US,Denim,Bottoms,Both,https://agjeans.com,https://agjeans.com/pages/size-guide,"waist, hip, inseam, rise, thigh, leg opening",Not started,No,,
Day 1,P1,Abercrombie & Fitch,US,Denim,Bottoms,Both,https://abercrombie.com,https://abercrombie.com/pages/size-guide,"waist, hip, inseam, rise, thigh, leg opening",Not started,No,,
Day 1,P1,American Eagle,US,Denim,Bottoms,Both,https://ae.com,https://ae.com/pages/size-guide,"waist, hip, inseam, rise, thigh, leg opening",Not started,No,,
Day 1,P1,Boyish Jeans,US,Denim,Bottoms,Women's,https://boyish.com,https://boyish.com/pages/size-guide,"waist, hip, inseam, rise, thigh, leg opening",Not started,No,,
Day 1,P1,Citizens of Humanity,US,Denim,Bottoms,Both,https://citizensofhumanity.com,https://citizensofhumanity.com/pages/size-guide,"waist, hip, inseam, rise, thigh, leg opening",Not started,No,,
Day 1,P1,DL1961,US,Denim,Bottoms,Both,https://dl1961.com,https://dl1961.com/pages/size-guide,"waist, hip, inseam, rise, thigh, leg opening",Not started,No,,
Day 1,P1,DUER,CA,Denim,Bottoms,Both,https://shopduer.com,https://shopduer.com/pages/size-guide,"waist, hip, inseam, rise, thigh, leg opening",Not started,No,,
Day 1,P1,Everlane,US,Denim,Bottoms,Both,https://everlane.com,https://everlane.com/pages/size-guide,"waist, hip, inseam, rise, thigh, leg opening",Not started,No,,
Day 1,P1,FRAME,US,Denim,Bottoms,Both,https://frame-store.com,https://frame-store.com/pages/size-guide,"waist, hip, inseam, rise, thigh, leg opening",Not started,No,,
Day 1,P1,Frank And Oak,CA,Denim,Bottoms,Both,https://frankandoak.com,https://frankandoak.com/pages/size-guide,"waist, hip, inseam, rise, thigh, leg opening",Not started,No,,
Day 1,P1,Gap,US,Denim,Bottoms,Both,https://gap.com,https://gap.com/pages/size-guide,"waist, hip, inseam, rise, thigh, leg opening",Not started,No,,
Day 1,P1,Good American,US,Denim,Bottoms,Women's,https://goodamerican.com,https://goodamerican.com/pages/size-guide,"waist, hip, inseam, rise, thigh, leg opening",Not started,No,,
Day 1,P1,Hudson Jeans,US,Denim,Bottoms,Both,https://hudsonjeans.com,https://hudsonjeans.com/pages/size-guide,"waist, hip, inseam, rise, thigh, leg opening",Not started,No,,
Day 1,P1,Joe's Jeans,US,Denim,Bottoms,Both,https://joesjeans.com,https://joesjeans.com/pages/size-guide,"waist, hip, inseam, rise, thigh, leg opening",Not started,No,,
Day 1,P1,Kotn,CA,Denim,Tops,Both,https://kotn.com,https://kotn.com/pages/size-guide,"chest/bust, waist, shoulder, sleeve, body length",Not started,No,,
Day 1,P1,Lee,US,Denim,Bottoms,Both,https://lee.com,https://lee.com/pages/size-guide,"waist, hip, inseam, rise, thigh, leg opening",Not started,No,,
Day 1,P1,Levi's,US,Denim,Bottoms,Both,https://levi.com,https://levi.com/pages/size-guide,"waist, hip, inseam, rise, thigh, leg opening",Not started,No,,
Day 1,P1,Lucky Brand,US,Denim,Bottoms,Both,https://luckybrand.com,https://luckybrand.com/pages/size-guide,"waist, hip, inseam, rise, thigh, leg opening",Not started,No,,
Day 1,P1,MOTHER Denim,US,Denim,Bottoms,Women's,https://motherdenim.com,https://motherdenim.com/pages/size-guide,"waist, hip, inseam, rise, thigh, leg opening",Not started,No,,
Day 1,P1,Madewell,US,Denim,Bottoms,Women's,https://madewell.com,https://madewell.com/pages/size-guide,"waist, hip, inseam, rise, thigh, leg opening",Not started,No,,
Day 1,P1,Naked & Famous Denim,CA,Denim,Bottoms,Both,https://nakedandfamousdenim.com,https://nakedandfamousdenim.com/pages/size-guide,"waist, hip, inseam, rise, thigh, leg opening",Not started,No,,
Day 1,P1,Old Navy,US,Denim,Bottoms,Both,https://oldnavy.gap.com,https://oldnavy.gap.com/pages/size-guide,"waist, hip, inseam, rise, thigh, leg opening",Not started,No,,
Day 1,P1,PAIGE,US,Denim,Bottoms,Both,https://paige.com,https://paige.com/pages/size-guide,"waist, hip, inseam, rise, thigh, leg opening",Not started,No,,
Day 1,P1,Silver Jeans Co.,CA,Denim,Bottoms,Both,https://silverjeans.com,https://silverjeans.com/pages/size-guide,"waist, hip, inseam, rise, thigh, leg opening",Not started,No,,
Day 1,P1,Triarchy,CA,Denim,Bottoms,Both,https://triarchy.com,https://triarchy.com/pages/size-guide,"waist, hip, inseam, rise, thigh, leg opening",Not started,No,,
Day 1,P1,Warp + Weft,US,Denim,Bottoms,Both,https://warpweftworld.com,https://warpweftworld.com/pages/size-guide,"waist, hip, inseam, rise, thigh, leg opening",Not started,No,,
Day 1,P1,Wrangler,US,Denim,Bottoms,Both,https://wrangler.com,https://wrangler.com/pages/size-guide,"waist, hip, inseam, rise, thigh, leg opening",Not started,No,,
Day 1,P1,Yoga Jeans,CA,Denim,Bottoms,Women's,https://yogajeans.com,https://yogajeans.com/pages/size-guide,"waist, hip, inseam, rise, thigh, leg opening",Not started,No,,
Day 1,P1,rag & bone,US,Denim,Bottoms,Both,https://rag-bone.com,https://rag-bone.com/pages/size-guide,"waist, hip, inseam, rise, thigh, leg opening",Not started,No,,
Day 1,P1,11 Honoré,US,Petite / Tall / Plus,Dresses,Women's,https://11honore.com,https://11honore.com/pages/size-guide,"bust, waist, hip, length (hollow-to-hem)",Not started,No,,
Day 1,P1,Alloy Apparel,US,Petite / Tall / Plus,Bottoms,Women's,https://alloyapparel.com,https://alloyapparel.com/pages/size-guide,"waist, hip, inseam, rise, thigh, leg opening",Not started,No,,
Day 1,P1,Amalli Talli,US,Petite / Tall / Plus,Bottoms,Women's,https://amallitalli.com,https://amallitalli.com/pages/size-guide,"waist, hip, inseam, rise, thigh, leg opening",Not started,No,,
Day 1,P1,American Tall,CA,Petite / Tall / Plus,Bottoms,Both,https://americantall.com,https://americantall.com/pages/size-guide,"waist, hip, inseam, rise, thigh, leg opening",Not started,No,,
Day 2,P1,American Tall,CA,Petite / Tall / Plus,Tops,Both,https://americantall.com,https://americantall.com/pages/size-guide,"chest/bust, waist, shoulder, sleeve, body length",Not started,No,,
Day 2,P1,Ann Taylor Petite,US,Petite / Tall / Plus,Bottoms,Women's,https://anntaylor.com,https://anntaylor.com/pages/size-guide,"waist, hip, inseam, rise, thigh, leg opening",Not started,No,,
Day 2,P1,Ann Taylor Petite,US,Petite / Tall / Plus,Dresses,Women's,https://anntaylor.com,https://anntaylor.com/pages/size-guide,"bust, waist, hip, length (hollow-to-hem)",Not started,No,,
Day 2,P1,Athleta,US,Petite / Tall / Plus,Leggings,Women's,https://athleta.gap.com,https://athleta.gap.com/pages/size-guide,"waist, hip, inseam, rise",Not started,No,,
Day 2,P1,Banana Republic Petite,US,Petite / Tall / Plus,Bottoms,Women's,https://bananarepublic.gap.com,https://bananarepublic.gap.com/pages/size-guide,"waist, hip, inseam, rise, thigh, leg opening",Not started,No,,
Day 2,P1,Chico's,US,Petite / Tall / Plus,Bottoms,Women's,https://chicos.com,https://chicos.com/pages/size-guide,"waist, hip, inseam, rise, thigh, leg opening",Not started,No,,
Day 2,P1,Dia & Co,US,Petite / Tall / Plus,Dresses,Women's,https://dia.com,https://dia.com/pages/size-guide,"bust, waist, hip, length (hollow-to-hem)",Not started,No,,
Day 2,P1,ELOQUII,US,Petite / Tall / Plus,Bottoms,Women's,https://eloquii.com,https://eloquii.com/pages/size-guide,"waist, hip, inseam, rise, thigh, leg opening",Not started,No,,
Day 2,P1,ELOQUII,US,Petite / Tall / Plus,Dresses,Women's,https://eloquii.com,https://eloquii.com/pages/size-guide,"bust, waist, hip, length (hollow-to-hem)",Not started,No,,
Day 2,P1,Girlfriend Collective,US,Petite / Tall / Plus,Leggings,Women's,https://girlfriend.com,https://girlfriend.com/pages/size-guide,"waist, hip, inseam, rise",Not started,No,,
Day 2,P1,Height Goddess,US,Petite / Tall / Plus,Bottoms,Women's,https://heightgoddess.com,https://heightgoddess.com/pages/size-guide,"waist, hip, inseam, rise, thigh, leg opening",Not started,No,,
Day 2,P1,Henning,US,Petite / Tall / Plus,Tops,Women's,https://henningnyc.com,https://henningnyc.com/pages/size-guide,"chest/bust, waist, shoulder, sleeve, body length",Not started,No,,
Day 2,P1,J.Crew Petite,US,Petite / Tall / Plus,Bottoms,Women's,https://jcrew.com,https://jcrew.com/pages/size-guide,"waist, hip, inseam, rise, thigh, leg opening",Not started,No,,
Day 2,P1,J.Crew Petite,US,Petite / Tall / Plus,Dresses,Women's,https://jcrew.com,https://jcrew.com/pages/size-guide,"bust, waist, hip, length (hollow-to-hem)",Not started,No,,
Day 2,P1,Kirrin Finch,US,Petite / Tall / Plus,Dress shirts,Both,https://kirrinfinch.com,https://kirrinfinch.com/pages/size-guide,"neck, chest, waist, sleeve, shoulder, body length",Not started,No,,
Day 2,P1,Knix,CA,Petite / Tall / Plus,Bras,Women's,https://knix.com,https://knix.com/pages/size-guide,"underbust, bust, band, cup",Not started,No,,
Day 2,P1,LOFT Petite,US,Petite / Tall / Plus,Bottoms,Women's,https://loft.com,https://loft.com/pages/size-guide,"waist, hip, inseam, rise, thigh, leg opening",Not started,No,,
Day 2,P1,LOFT Petite,US,Petite / Tall / Plus,Dresses,Women's,https://loft.com,https://loft.com/pages/size-guide,"bust, waist, hip, length (hollow-to-hem)",Not started,No,,
Day 2,P1,Lane Bryant,US,Petite / Tall / Plus,Bottoms,Women's,https://lanebryant.com,https://lanebryant.com/pages/size-guide,"waist, hip, inseam, rise, thigh, leg opening",Not started,No,,
Day 2,P1,Lane Bryant,US,Petite / Tall / Plus,Dresses,Women's,https://lanebryant.com,https://lanebryant.com/pages/size-guide,"bust, waist, hip, length (hollow-to-hem)",Not started,No,,
Day 2,P1,Long Tall Sally,US,Petite / Tall / Plus,Bottoms,Women's,https://longtallsally.com,https://longtallsally.com/pages/size-guide,"waist, hip, inseam, rise, thigh, leg opening",Not started,No,,
Day 2,P1,Long Tall Sally,US,Petite / Tall / Plus,Dresses,Women's,https://longtallsally.com,https://longtallsally.com/pages/size-guide,"bust, waist, hip, length (hollow-to-hem)",Not started,No,,
Day 2,P1,Madewell Plus,US,Petite / Tall / Plus,Bottoms,Women's,https://madewell.com,https://madewell.com/pages/size-guide,"waist, hip, inseam, rise, thigh, leg opening",Not started,No,,
Day 2,P1,Nordstrom (house brands),US,Petite / Tall / Plus,Dresses,Women's,https://nordstrom.com,https://nordstrom.com/pages/size-guide,"bust, waist, hip, length (hollow-to-hem)",Not started,No,,
Day 2,P1,Old Navy Plus,US,Petite / Tall / Plus,Bottoms,Women's,https://oldnavy.gap.com,https://oldnavy.gap.com/pages/size-guide,"waist, hip, inseam, rise, thigh, leg opening",Not started,No,,
Day 2,P1,Penningtons,CA,Petite / Tall / Plus,Bottoms,Women's,https://penningtons.com,https://penningtons.com/pages/size-guide,"waist, hip, inseam, rise, thigh, leg opening",Not started,No,,
Day 2,P1,RW&CO. Petite,CA,Petite / Tall / Plus,Bottoms,Women's,https://rw-co.com,https://rw-co.com/pages/size-guide,"waist, hip, inseam, rise, thigh, leg opening",Not started,No,,
Day 2,P1,Reitmans,CA,Petite / Tall / Plus,Bottoms,Women's,https://reitmans.com,https://reitmans.com/pages/size-guide,"waist, hip, inseam, rise, thigh, leg opening",Not started,No,,
Day 2,P1,Simons Twik/Contemporaine,CA,Petite / Tall / Plus,Dresses,Women's,https://simons.ca,https://simons.ca/pages/size-guide,"bust, waist, hip, length (hollow-to-hem)",Not started,No,,
Day 2,P1,Talbots Petite,US,Petite / Tall / Plus,Bottoms,Women's,https://talbots.com,https://talbots.com/pages/size-guide,"waist, hip, inseam, rise, thigh, leg opening",Not started,No,,
Day 2,P1,Tall Slim Tees,US,Petite / Tall / Plus,Tops,Men's,https://tallslimtees.com,https://tallslimtees.com/pages/size-guide,"chest/bust, waist, shoulder, sleeve, body length",Not started,No,,
Day 2,P1,Torrid,US,Petite / Tall / Plus,Bottoms,Women's,https://torrid.com,https://torrid.com/pages/size-guide,"waist, hip, inseam, rise, thigh, leg opening",Not started,No,,
Day 2,P1,Torrid,US,Petite / Tall / Plus,Dresses,Women's,https://torrid.com,https://torrid.com/pages/size-guide,"bust, waist, hip, length (hollow-to-hem)",Not started,No,,
Day 2,P1,Universal Standard,US,Petite / Tall / Plus,Bottoms,Women's,https://universalstandard.com,https://universalstandard.com/pages/size-guide,"waist, hip, inseam, rise, thigh, leg opening",Not started,No,,
Day 3,P1,Universal Standard,US,Petite / Tall / Plus,Dresses,Women's,https://universalstandard.com,https://universalstandard.com/pages/size-guide,"bust, waist, hip, length (hollow-to-hem)",Not started,No,,
Day 3,P1,Universal Standard,US,Petite / Tall / Plus,Tops,Women's,https://universalstandard.com,https://universalstandard.com/pages/size-guide,"chest/bust, waist, shoulder, sleeve, body length",Not started,No,,
Day 3,P1,Adrianna Papell,US,Occasion & bridal party,Dresses,Women's,https://adriannapapell.com,https://adriannapapell.com/pages/size-guide,"bust, waist, hip, length (hollow-to-hem)",Not started,No,,
Day 3,P1,Alfred Sung (Dessy),CA,Occasion & bridal party,Bridesmaid,Women's,https://dessy.com,https://dessy.com/pages/size-guide,"bust, waist, hip, hollow-to-hem, extra length",Not started,No,,
Day 3,P1,Aritzia (Wilfred),CA,Occasion & bridal party,Dresses,Women's,https://aritzia.com,https://aritzia.com/pages/size-guide,"bust, waist, hip, length (hollow-to-hem)",Not started,No,,
Day 3,P1,Azazie,US,Occasion & bridal party,Bridesmaid,Women's,https://azazie.com,https://azazie.com/pages/size-guide,"bust, waist, hip, hollow-to-hem, extra length",Not started,No,,
Day 3,P1,BHLDN,US,Occasion & bridal party,Bridesmaid,Women's,https://bhldn.com,https://bhldn.com/pages/size-guide,"bust, waist, hip, hollow-to-hem, extra length",Not started,No,,
Day 3,P1,Baltic Born,US,Occasion & bridal party,Dresses,Women's,https://balticborn.com,https://balticborn.com/pages/size-guide,"bust, waist, hip, length (hollow-to-hem)",Not started,No,,
Day 3,P1,Birdy Grey,US,Occasion & bridal party,Bridesmaid,Women's,https://birdygrey.com,https://birdygrey.com/pages/size-guide,"bust, waist, hip, hollow-to-hem, extra length",Not started,No,,
Day 3,P1,Christina Wu,US,Occasion & bridal party,Bridesmaid,Women's,https://christinawu.com,https://christinawu.com/pages/size-guide,"bust, waist, hip, hollow-to-hem, extra length",Not started,No,,
Day 3,P1,David's Bridal,US,Occasion & bridal party,Bridal,Women's,https://davidsbridal.com,https://davidsbridal.com/pages/size-guide,"bust, waist, hip, hollow-to-hem",Not started,No,,
Day 3,P1,David's Bridal,US,Occasion & bridal party,Bridesmaid,Women's,https://davidsbridal.com,https://davidsbridal.com/pages/size-guide,"bust, waist, hip, hollow-to-hem, extra length",Not started,No,,
Day 3,P1,Dessy Group,US,Occasion & bridal party,Bridesmaid,Women's,https://dessy.com,https://dessy.com/pages/size-guide,"bust, waist, hip, hollow-to-hem, extra length",Not started,No,,
Day 3,P1,Eliza J,US,Occasion & bridal party,Dresses,Women's,https://elizaj.com,https://elizaj.com/pages/size-guide,"bust, waist, hip, length (hollow-to-hem)",Not started,No,,
Day 3,P1,Fame and Partners,US,Occasion & bridal party,Bridesmaid,Women's,https://fameandpartners.com,https://fameandpartners.com/pages/size-guide,"bust, waist, hip, hollow-to-hem, extra length",Not started,No,,
Day 3,P1,Hello Molly,US,Occasion & bridal party,Dresses,Women's,https://hellomolly.com,https://hellomolly.com/pages/size-guide,"bust, waist, hip, length (hollow-to-hem)",Not started,No,,
Day 3,P1,JJ's House,US,Occasion & bridal party,Bridesmaid,Women's,https://jjshouse.com,https://jjshouse.com/pages/size-guide,"bust, waist, hip, hollow-to-hem, extra length",Not started,No,,
Day 3,P1,Jenny Yoo,US,Occasion & bridal party,Bridesmaid,Women's,https://jennyyoo.com,https://jennyyoo.com/pages/size-guide,"bust, waist, hip, hollow-to-hem, extra length",Not started,No,,
Day 3,P1,Kennedy Blue,US,Occasion & bridal party,Bridesmaid,Women's,https://kennedyblue.com,https://kennedyblue.com/pages/size-guide,"bust, waist, hip, hollow-to-hem, extra length",Not started,No,,
Day 3,P1,Le Château,CA,Occasion & bridal party,Dresses,Women's,https://lechateau.com,https://lechateau.com/pages/size-guide,"bust, waist, hip, length (hollow-to-hem)",Not started,No,,
Day 3,P1,Lulus,US,Occasion & bridal party,Dresses,Women's,https://lulus.com,https://lulus.com/pages/size-guide,"bust, waist, hip, length (hollow-to-hem)",Not started,No,,
Day 3,P1,Mac Duggal,US,Occasion & bridal party,Dresses,Women's,https://macduggal.com,https://macduggal.com/pages/size-guide,"bust, waist, hip, length (hollow-to-hem)",Not started,No,,
Day 3,P1,Morilee,US,Occasion & bridal party,Bridal,Women's,https://morilee.com,https://morilee.com/pages/size-guide,"bust, waist, hip, hollow-to-hem",Not started,No,,
Day 3,P1,Morilee,US,Occasion & bridal party,Bridesmaid,Women's,https://morilee.com,https://morilee.com/pages/size-guide,"bust, waist, hip, hollow-to-hem, extra length",Not started,No,,
Day 3,P1,Nadine Merabi,US,Occasion & bridal party,Dresses,Women's,https://nadinemerabi.com,https://nadinemerabi.com/pages/size-guide,"bust, waist, hip, length (hollow-to-hem)",Not started,No,,
Day 3,P1,Park & Fifth,CA,Occasion & bridal party,Bridesmaid,Women's,https://parkandfifth.com,https://parkandfifth.com/pages/size-guide,"bust, waist, hip, hollow-to-hem, extra length",Not started,No,,
Day 3,P1,Petal & Pup,US,Occasion & bridal party,Dresses,Women's,https://petalandpup.com,https://petalandpup.com/pages/size-guide,"bust, waist, hip, length (hollow-to-hem)",Not started,No,,
Day 3,P1,Reformation,US,Occasion & bridal party,Dresses,Women's,https://thereformation.com,https://thereformation.com/pages/size-guide,"bust, waist, hip, length (hollow-to-hem)",Not started,No,,
Day 3,P1,Rent the Runway,US,Occasion & bridal party,Dresses,Women's,https://renttherunway.com,https://renttherunway.com/pages/size-guide,"bust, waist, hip, length (hollow-to-hem)",Not started,No,,
Day 3,P1,Revelry,US,Occasion & bridal party,Bridesmaid,Women's,https://shoprevelry.com,https://shoprevelry.com/pages/size-guide,"bust, waist, hip, hollow-to-hem, extra length",Not started,No,,
Day 3,P1,Selkie,US,Occasion & bridal party,Dresses,Women's,https://selkiecollection.com,https://selkiecollection.com/pages/size-guide,"bust, waist, hip, length (hollow-to-hem)",Not started,No,,
Day 3,P1,Sherri Hill,US,Occasion & bridal party,Dresses,Women's,https://sherrihill.com,https://sherrihill.com/pages/size-guide,"bust, waist, hip, length (hollow-to-hem)",Not started,No,,
Day 3,P1,Show Me Your Mumu,US,Occasion & bridal party,Bridesmaid,Women's,https://showmeyourmumu.com,https://showmeyourmumu.com/pages/size-guide,"bust, waist, hip, hollow-to-hem, extra length",Not started,No,,
Day 3,P1,Terani Couture,US,Occasion & bridal party,Dresses,Women's,https://teranicouture.com,https://teranicouture.com/pages/size-guide,"bust, waist, hip, length (hollow-to-hem)",Not started,No,,
Day 4,P1,Ash & Erie,US,Tailoring & suits,Bottoms,Men's,https://ashanderie.com,https://ashanderie.com/pages/size-guide,"waist, hip, inseam, rise, thigh, leg opening",Not started,No,,
Day 4,P1,Ash & Erie,US,Tailoring & suits,Tops,Men's,https://ashanderie.com,https://ashanderie.com/pages/size-guide,"chest/bust, waist, shoulder, sleeve, body length",Not started,No,,
Day 4,P1,Banana Republic,US,Tailoring & suits,Suits & Blazers,Men's,https://bananarepublic.gap.com,https://bananarepublic.gap.com/pages/size-guide,"chest, waist, sleeve, shoulder, neck, S/R/L length",Not started,No,,
Day 4,P1,Black Lapel,US,Tailoring & suits,Suits & Blazers,Men's,https://blacklapel.com,https://blacklapel.com/pages/size-guide,"chest, waist, sleeve, shoulder, neck, S/R/L length",Not started,No,,
Day 4,P1,Bonobos,US,Tailoring & suits,Bottoms,Men's,https://bonobos.com,https://bonobos.com/pages/size-guide,"waist, hip, inseam, rise, thigh, leg opening",Not started,No,,
Day 4,P1,Bonobos,US,Tailoring & suits,Suits & Blazers,Men's,https://bonobos.com,https://bonobos.com/pages/size-guide,"chest, waist, sleeve, shoulder, neck, S/R/L length",Not started,No,,
Day 4,P1,Brooks Brothers,US,Tailoring & suits,Dress shirts,Men's,https://brooksbrothers.com,https://brooksbrothers.com/pages/size-guide,"neck, chest, waist, sleeve, shoulder, body length",Not started,No,,
Day 4,P1,Brooks Brothers,US,Tailoring & suits,Suits & Blazers,Men's,https://brooksbrothers.com,https://brooksbrothers.com/pages/size-guide,"chest, waist, sleeve, shoulder, neck, S/R/L length",Not started,No,,
Day 4,P1,Buck Mason,US,Tailoring & suits,Tops,Men's,https://buckmason.com,https://buckmason.com/pages/size-guide,"chest/bust, waist, shoulder, sleeve, body length",Not started,No,,
Day 4,P1,Charles Tyrwhitt,US,Tailoring & suits,Dress shirts,Men's,https://ctshirts.com,https://ctshirts.com/pages/size-guide,"neck, chest, waist, sleeve, shoulder, body length",Not started,No,,
Day 4,P1,Coppley,CA,Tailoring & suits,Suits & Blazers,Men's,https://coppley.com,https://coppley.com/pages/size-guide,"chest, waist, sleeve, shoulder, neck, S/R/L length",Not started,No,,
Day 4,P1,Deo Veritas,US,Tailoring & suits,Dress shirts,Men's,https://deoveritas.com,https://deoveritas.com/pages/size-guide,"neck, chest, waist, sleeve, shoulder, body length",Not started,No,,
Day 4,P1,Express,US,Tailoring & suits,Suits & Blazers,Men's,https://express.com,https://express.com/pages/size-guide,"chest, waist, sleeve, shoulder, neck, S/R/L length",Not started,No,,
Day 4,P1,Garrison Bespoke,CA,Tailoring & suits,Suits & Blazers,Men's,https://garrisonbespoke.com,https://garrisonbespoke.com/pages/size-guide,"chest, waist, sleeve, shoulder, neck, S/R/L length",Not started,No,,
Day 4,P1,Generation Tux,US,Tailoring & suits,Suits & Blazers,Men's,https://generationtux.com,https://generationtux.com/pages/size-guide,"chest, waist, sleeve, shoulder, neck, S/R/L length",Not started,No,,
Day 4,P1,Harry Rosen,CA,Tailoring & suits,Suits & Blazers,Men's,https://harryrosen.com,https://harryrosen.com/pages/size-guide,"chest, waist, sleeve, shoulder, neck, S/R/L length",Not started,No,,
Day 4,P1,Hockerty,US,Tailoring & suits,Suits & Blazers,Both,https://hockerty.com,https://hockerty.com/pages/size-guide,"chest, waist, sleeve, shoulder, neck, S/R/L length",Not started,No,,
Day 4,P1,Indochino,CA,Tailoring & suits,Dress shirts,Men's,https://indochino.com,https://indochino.com/pages/size-guide,"neck, chest, waist, sleeve, shoulder, body length",Not started,No,,
Day 4,P1,Indochino,CA,Tailoring & suits,Suits & Blazers,Men's,https://indochino.com,https://indochino.com/pages/size-guide,"chest, waist, sleeve, shoulder, neck, S/R/L length",Not started,No,,
Day 4,P1,J.Crew Ludlow,US,Tailoring & suits,Suits & Blazers,Men's,https://jcrew.com,https://jcrew.com/pages/size-guide,"chest, waist, sleeve, shoulder, neck, S/R/L length",Not started,No,,
Day 4,P1,Moores Clothing,CA,Tailoring & suits,Suits & Blazers,Men's,https://mooresclothing.ca,https://mooresclothing.ca/pages/size-guide,"chest, waist, sleeve, shoulder, neck, S/R/L length",Not started,No,,
Day 4,P1,Nordstrom Bespoke,US,Tailoring & suits,Suits & Blazers,Men's,https://nordstrom.com,https://nordstrom.com/pages/size-guide,"chest, waist, sleeve, shoulder, neck, S/R/L length",Not started,No,,
Day 4,P1,Oliver Wicks,US,Tailoring & suits,Suits & Blazers,Men's,https://oliverwicks.com,https://oliverwicks.com/pages/size-guide,"chest, waist, sleeve, shoulder, neck, S/R/L length",Not started,No,,
Day 4,P1,Peter Manning NYC,US,Tailoring & suits,Bottoms,Men's,https://petermanningnyc.com,https://petermanningnyc.com/pages/size-guide,"waist, hip, inseam, rise, thigh, leg opening",Not started,No,,
Day 4,P1,Peter Manning NYC,US,Tailoring & suits,Tops,Men's,https://petermanningnyc.com,https://petermanningnyc.com/pages/size-guide,"chest/bust, waist, shoulder, sleeve, body length",Not started,No,,
Day 4,P1,Proper Cloth,US,Tailoring & suits,Dress shirts,Men's,https://propercloth.com,https://propercloth.com/pages/size-guide,"neck, chest, waist, sleeve, shoulder, body length",Not started,No,,
Day 4,P1,RW&CO.,CA,Tailoring & suits,Suits & Blazers,Men's,https://rw-co.com,https://rw-co.com/pages/size-guide,"chest, waist, sleeve, shoulder, neck, S/R/L length",Not started,No,,
Day 4,P1,Ratio Clothing,US,Tailoring & suits,Dress shirts,Men's,https://ratioclothing.com,https://ratioclothing.com/pages/size-guide,"neck, chest, waist, sleeve, shoulder, body length",Not started,No,,
Day 4,P1,Samuelsohn,CA,Tailoring & suits,Suits & Blazers,Men's,https://samuelsohn.com,https://samuelsohn.com/pages/size-guide,"chest, waist, sleeve, shoulder, neck, S/R/L length",Not started,No,,
Day 4,P1,Spier & Mackay,CA,Tailoring & suits,Dress shirts,Men's,https://spierandmackay.com,https://spierandmackay.com/pages/size-guide,"neck, chest, waist, sleeve, shoulder, body length",Not started,No,,
Day 4,P1,Spier & Mackay,CA,Tailoring & suits,Suits & Blazers,Men's,https://spierandmackay.com,https://spierandmackay.com/pages/size-guide,"chest, waist, sleeve, shoulder, neck, S/R/L length",Not started,No,,
Day 4,P1,SuitSupply,US,Tailoring & suits,Dress shirts,Men's,https://suitsupply.com,https://suitsupply.com/pages/size-guide,"neck, chest, waist, sleeve, shoulder, body length",Not started,No,,
Day 4,P1,SuitSupply,US,Tailoring & suits,Suits & Blazers,Men's,https://suitsupply.com,https://suitsupply.com/pages/size-guide,"chest, waist, sleeve, shoulder, neck, S/R/L length",Not started,No,,
Day 4,P1,Surmesur,CA,Tailoring & suits,Suits & Blazers,Men's,https://surmesur.com,https://surmesur.com/pages/size-guide,"chest, waist, sleeve, shoulder, neck, S/R/L length",Not started,No,,
Day 5,P1,The Black Tux,US,Tailoring & suits,Suits & Blazers,Men's,https://theblacktux.com,https://theblacktux.com/pages/size-guide,"chest, waist, sleeve, shoulder, neck, S/R/L length",Not started,No,,
Day 5,P1,Tip Top Tailors,CA,Tailoring & suits,Suits & Blazers,Men's,https://tiptop.ca,https://tiptop.ca/pages/size-guide,"chest, waist, sleeve, shoulder, neck, S/R/L length",Not started,No,,
Day 5,P1,Todd Snyder,US,Tailoring & suits,Suits & Blazers,Men's,https://toddsnyder.com,https://toddsnyder.com/pages/size-guide,"chest, waist, sleeve, shoulder, neck, S/R/L length",Not started,No,,
Day 5,P1,Alo Yoga,US,Active & mainstream volume,Leggings,Women's,https://aloyoga.com,https://aloyoga.com/pages/size-guide,"waist, hip, inseam, rise",Not started,No,,
Day 5,P1,Arc'teryx,CA,Active & mainstream volume,Coats & Jackets,Both,https://arcteryx.com,https://arcteryx.com/pages/size-guide,"chest, waist, hip, sleeve, body length",Not started,No,,
Day 5,P1,Aritzia,CA,Active & mainstream volume,Bottoms,Women's,https://aritzia.com,https://aritzia.com/pages/size-guide,"waist, hip, inseam, rise, thigh, leg opening",Not started,No,,
Day 5,P1,Aritzia,CA,Active & mainstream volume,Coats & Jackets,Women's,https://aritzia.com,https://aritzia.com/pages/size-guide,"chest, waist, hip, sleeve, body length",Not started,No,,
Day 5,P1,Canada Goose,CA,Active & mainstream volume,Coats & Jackets,Both,https://canadagoose.com,https://canadagoose.com/pages/size-guide,"chest, waist, hip, sleeve, body length",Not started,No,,
Day 5,P1,Club Monaco,CA,Active & mainstream volume,Tops,Both,https://clubmonaco.com,https://clubmonaco.com/pages/size-guide,"chest/bust, waist, shoulder, sleeve, body length",Not started,No,,
Day 5,P1,Cuts Clothing,US,Active & mainstream volume,Tops,Men's,https://cutsclothing.com,https://cutsclothing.com/pages/size-guide,"chest/bust, waist, shoulder, sleeve, body length",Not started,No,,
Day 5,P1,Fabletics,US,Active & mainstream volume,Leggings,Women's,https://fabletics.com,https://fabletics.com/pages/size-guide,"waist, hip, inseam, rise",Not started,No,,
Day 5,P1,Faherty,US,Active & mainstream volume,Tops,Both,https://fahertybrand.com,https://fahertybrand.com/pages/size-guide,"chest/bust, waist, shoulder, sleeve, body length",Not started,No,,
Day 5,P1,Gymshark,US,Active & mainstream volume,Leggings,Women's,https://gymshark.com,https://gymshark.com/pages/size-guide,"waist, hip, inseam, rise",Not started,No,,
Day 5,P1,H&M,US,Active & mainstream volume,Dresses,Women's,https://hm.com,https://hm.com/pages/size-guide,"bust, waist, hip, length (hollow-to-hem)",Not started,No,,
Day 5,P1,Joe Fresh,CA,Active & mainstream volume,Tops,Both,https://joefresh.com,https://joefresh.com/pages/size-guide,"chest/bust, waist, shoulder, sleeve, body length",Not started,No,,
Day 5,P1,Lululemon,CA,Active & mainstream volume,Leggings,Women's,https://lululemon.com,https://lululemon.com/pages/size-guide,"waist, hip, inseam, rise",Not started,No,,
Day 5,P1,Mackage,CA,Active & mainstream volume,Coats & Jackets,Both,https://mackage.com,https://mackage.com/pages/size-guide,"chest, waist, hip, sleeve, body length",Not started,No,,
Day 5,P1,Mango,US,Active & mainstream volume,Dresses,Women's,https://shop.mango.com,https://shop.mango.com/pages/size-guide,"bust, waist, hip, length (hollow-to-hem)",Not started,No,,
Day 5,P1,Marine Layer,US,Active & mainstream volume,Tops,Both,https://marinelayer.com,https://marinelayer.com/pages/size-guide,"chest/bust, waist, shoulder, sleeve, body length",Not started,No,,
Day 5,P1,Nike,US,Active & mainstream volume,Tops,Both,https://nike.com,https://nike.com/pages/size-guide,"chest/bust, waist, shoulder, sleeve, body length",Not started,No,,
Day 5,P1,Oiselle,US,Active & mainstream volume,Shorts,Women's,https://oiselle.com,https://oiselle.com/pages/size-guide,"waist, hip, inseam",Not started,No,,
Day 5,P1,Outdoor Voices,US,Active & mainstream volume,Leggings,Women's,https://outdoorvoices.com,https://outdoorvoices.com/pages/size-guide,"waist, hip, inseam, rise",Not started,No,,
Day 5,P1,Quince,US,Active & mainstream volume,Tops,Both,https://onequince.com,https://onequince.com/pages/size-guide,"chest/bust, waist, shoulder, sleeve, body length",Not started,No,,
Day 5,P1,Rhone,US,Active & mainstream volume,Shorts,Men's,https://rhone.com,https://rhone.com/pages/size-guide,"waist, hip, inseam",Not started,No,,
Day 5,P1,Roots,CA,Active & mainstream volume,Tops,Both,https://roots.com,https://roots.com/pages/size-guide,"chest/bust, waist, shoulder, sleeve, body length",Not started,No,,
Day 5,P1,Simons,CA,Active & mainstream volume,Dresses,Women's,https://simons.ca,https://simons.ca/pages/size-guide,"bust, waist, hip, length (hollow-to-hem)",Not started,No,,
Day 5,P1,Sweaty Betty,US,Active & mainstream volume,Leggings,Women's,https://sweatybetty.com,https://sweatybetty.com/pages/size-guide,"waist, hip, inseam, rise",Not started,No,,
Day 5,P1,Ten Thousand,US,Active & mainstream volume,Shorts,Men's,https://tenthousand.cc,https://tenthousand.cc/pages/size-guide,"waist, hip, inseam",Not started,No,,
Day 5,P1,Tracksmith,US,Active & mainstream volume,Shorts,Both,https://tracksmith.com,https://tracksmith.com/pages/size-guide,"waist, hip, inseam",Not started,No,,
Day 5,P1,Under Armour,US,Active & mainstream volume,Tops,Both,https://underarmour.com,https://underarmour.com/pages/size-guide,"chest/bust, waist, shoulder, sleeve, body length",Not started,No,,
Day 5,P1,Uniqlo,US,Active & mainstream volume,Tops,Both,https://uniqlo.com,https://uniqlo.com/pages/size-guide,"chest/bust, waist, shoulder, sleeve, body length",Not started,No,,
Day 5,P1,Vuori,US,Active & mainstream volume,Shorts,Men's,https://vuoriclothing.com,https://vuoriclothing.com/pages/size-guide,"waist, hip, inseam",Not started,No,,
Day 5,P1,Zara,US,Active & mainstream volume,Dresses,Women's,https://zara.com,https://zara.com/pages/size-guide,"bust, waist, hip, length (hollow-to-hem)",Not started,No,,
Day 5,P1,adidas,US,Active & mainstream volume,Tops,Both,https://adidas.com,https://adidas.com/pages/size-guide,"chest/bust, waist, shoulder, sleeve, body length",Not started,No,,
Backlog,P3,7 For All Mankind,US,Denim,Tops,Both,https://7forallmankind.com,https://7forallmankind.com/pages/size-guide,"chest/bust, waist, shoulder, sleeve, body length",Not started,No,,
Backlog,P3,AG Jeans,US,Denim,Tops,Both,https://agjeans.com,https://agjeans.com/pages/size-guide,"chest/bust, waist, shoulder, sleeve, body length",Not started,No,,
Backlog,P3,Abercrombie & Fitch,US,Denim,Coats & Jackets,Both,https://abercrombie.com,https://abercrombie.com/pages/size-guide,"chest, waist, hip, sleeve, body length",Not started,No,,
Backlog,P2,Abercrombie & Fitch,US,Denim,Dresses,Women's,https://abercrombie.com,https://abercrombie.com/pages/size-guide,"bust, waist, hip, length (hollow-to-hem)",Not started,No,,
Backlog,P2,Abercrombie & Fitch,US,Denim,Tops,Both,https://abercrombie.com,https://abercrombie.com/pages/size-guide,"chest/bust, waist, shoulder, sleeve, body length",Not started,No,,
Backlog,P3,American Eagle,US,Denim,Dresses,Women's,https://ae.com,https://ae.com/pages/size-guide,"bust, waist, hip, length (hollow-to-hem)",Not started,No,,
Backlog,P3,American Eagle,US,Denim,Shorts,Both,https://ae.com,https://ae.com/pages/size-guide,"waist, hip, inseam",Not started,No,,
Backlog,P2,American Eagle,US,Denim,Tops,Both,https://ae.com,https://ae.com/pages/size-guide,"chest/bust, waist, shoulder, sleeve, body length",Not started,No,,
Backlog,P3,Citizens of Humanity,US,Denim,Tops,Both,https://citizensofhumanity.com,https://citizensofhumanity.com/pages/size-guide,"chest/bust, waist, shoulder, sleeve, body length",Not started,No,,
Backlog,P3,DL1961,US,Denim,Dresses,Women's,https://dl1961.com,https://dl1961.com/pages/size-guide,"bust, waist, hip, length (hollow-to-hem)",Not started,No,,
Backlog,P3,DUER,CA,Denim,Shorts,Both,https://shopduer.com,https://shopduer.com/pages/size-guide,"waist, hip, inseam",Not started,No,,
Backlog,P3,DUER,CA,Denim,Tops,Both,https://shopduer.com,https://shopduer.com/pages/size-guide,"chest/bust, waist, shoulder, sleeve, body length",Not started,No,,
Backlog,P3,Everlane,US,Denim,Coats & Jackets,Both,https://everlane.com,https://everlane.com/pages/size-guide,"chest, waist, hip, sleeve, body length",Not started,No,,
Backlog,P2,Everlane,US,Denim,Dresses,Women's,https://everlane.com,https://everlane.com/pages/size-guide,"bust, waist, hip, length (hollow-to-hem)",Not started,No,,
Backlog,P2,Everlane,US,Denim,Tops,Both,https://everlane.com,https://everlane.com/pages/size-guide,"chest/bust, waist, shoulder, sleeve, body length",Not started,No,,
Backlog,P3,FRAME,US,Denim,Dresses,Women's,https://frame-store.com,https://frame-store.com/pages/size-guide,"bust, waist, hip, length (hollow-to-hem)",Not started,No,,
Backlog,P3,FRAME,US,Denim,Tops,Both,https://frame-store.com,https://frame-store.com/pages/size-guide,"chest/bust, waist, shoulder, sleeve, body length",Not started,No,,
Backlog,P2,Frank And Oak,CA,Denim,Coats & Jackets,Both,https://frankandoak.com,https://frankandoak.com/pages/size-guide,"chest, waist, hip, sleeve, body length",Not started,No,,
Backlog,P2,Frank And Oak,CA,Denim,Tops,Both,https://frankandoak.com,https://frankandoak.com/pages/size-guide,"chest/bust, waist, shoulder, sleeve, body length",Not started,No,,
Backlog,P3,Gap,US,Denim,Boys' bottoms,Both,https://gap.com,https://gap.com/pages/size-guide,"waist, hip, inseam, height",Not started,No,,
Backlog,P3,Gap,US,Denim,Dresses,Women's,https://gap.com,https://gap.com/pages/size-guide,"bust, waist, hip, length (hollow-to-hem)",Not started,No,,
Backlog,P3,Gap,US,Denim,Girls' bottoms,Both,https://gap.com,https://gap.com/pages/size-guide,"waist, hip, inseam, height",Not started,No,,
Backlog,P2,Gap,US,Denim,Tops,Both,https://gap.com,https://gap.com/pages/size-guide,"chest/bust, waist, shoulder, sleeve, body length",Not started,No,,
Backlog,P3,Good American,US,Denim,Bras,Women's,https://goodamerican.com,https://goodamerican.com/pages/size-guide,"underbust, bust, band, cup",Not started,No,,
Backlog,P2,Good American,US,Denim,Dresses,Women's,https://goodamerican.com,https://goodamerican.com/pages/size-guide,"bust, waist, hip, length (hollow-to-hem)",Not started,No,,
Backlog,P3,Good American,US,Denim,Swimwear,Women's,https://goodamerican.com,https://goodamerican.com/pages/size-guide,"bust, waist, hip",Not started,No,,
Backlog,P2,Good American,US,Denim,Tops,Women's,https://goodamerican.com,https://goodamerican.com/pages/size-guide,"chest/bust, waist, shoulder, sleeve, body length",Not started,No,,
Backlog,P2,Kotn,CA,Denim,Bottoms,Both,https://kotn.com,https://kotn.com/pages/size-guide,"waist, hip, inseam, rise, thigh, leg opening",Not started,No,,
Backlog,P3,Kotn,CA,Denim,Dresses,Women's,https://kotn.com,https://kotn.com/pages/size-guide,"bust, waist, hip, length (hollow-to-hem)",Not started,No,,
Backlog,P3,Lee,US,Denim,Shorts,Both,https://lee.com,https://lee.com/pages/size-guide,"waist, hip, inseam",Not started,No,,
Backlog,P3,Lee,US,Denim,Tops,Both,https://lee.com,https://lee.com/pages/size-guide,"chest/bust, waist, shoulder, sleeve, body length",Not started,No,,
Backlog,P2,Levi's,US,Denim,Coats & Jackets,Both,https://levi.com,https://levi.com/pages/size-guide,"chest, waist, hip, sleeve, body length",Not started,No,,
Backlog,P3,Levi's,US,Denim,Shorts,Both,https://levi.com,https://levi.com/pages/size-guide,"waist, hip, inseam",Not started,No,,
Backlog,P3,Levi's,US,Denim,Tops,Both,https://levi.com,https://levi.com/pages/size-guide,"chest/bust, waist, shoulder, sleeve, body length",Not started,No,,
Backlog,P3,Lucky Brand,US,Denim,Dresses,Women's,https://luckybrand.com,https://luckybrand.com/pages/size-guide,"bust, waist, hip, length (hollow-to-hem)",Not started,No,,
Backlog,P3,Lucky Brand,US,Denim,Tops,Both,https://luckybrand.com,https://luckybrand.com/pages/size-guide,"chest/bust, waist, shoulder, sleeve, body length",Not started,No,,
Backlog,P3,MOTHER Denim,US,Denim,Tops,Women's,https://motherdenim.com,https://motherdenim.com/pages/size-guide,"chest/bust, waist, shoulder, sleeve, body length",Not started,No,,
Backlog,P3,Madewell,US,Denim,Coats & Jackets,Women's,https://madewell.com,https://madewell.com/pages/size-guide,"chest, waist, hip, sleeve, body length",Not started,No,,
Backlog,P2,Madewell,US,Denim,Dresses,Women's,https://madewell.com,https://madewell.com/pages/size-guide,"bust, waist, hip, length (hollow-to-hem)",Not started,No,,
Backlog,P3,Madewell,US,Denim,Skirts,Women's,https://madewell.com,https://madewell.com/pages/size-guide,"waist, hip, length",Not started,No,,
Backlog,P2,Madewell,US,Denim,Tops,Women's,https://madewell.com,https://madewell.com/pages/size-guide,"chest/bust, waist, shoulder, sleeve, body length",Not started,No,,
Backlog,P3,Old Navy,US,Denim,Boys' tops,Both,https://oldnavy.gap.com,https://oldnavy.gap.com/pages/size-guide,"chest, height, age",Not started,No,,
Backlog,P3,Old Navy,US,Denim,Dresses,Women's,https://oldnavy.gap.com,https://oldnavy.gap.com/pages/size-guide,"bust, waist, hip, length (hollow-to-hem)",Not started,No,,
Backlog,P3,Old Navy,US,Denim,Girls' tops,Both,https://oldnavy.gap.com,https://oldnavy.gap.com/pages/size-guide,"chest, height, age",Not started,No,,
Backlog,P2,Old Navy,US,Denim,Tops,Both,https://oldnavy.gap.com,https://oldnavy.gap.com/pages/size-guide,"chest/bust, waist, shoulder, sleeve, body length",Not started,No,,
Backlog,P3,PAIGE,US,Denim,Dresses,Women's,https://paige.com,https://paige.com/pages/size-guide,"bust, waist, hip, length (hollow-to-hem)",Not started,No,,
Backlog,P3,PAIGE,US,Denim,Tops,Both,https://paige.com,https://paige.com/pages/size-guide,"chest/bust, waist, shoulder, sleeve, body length",Not started,No,,
Backlog,P3,Silver Jeans Co.,CA,Denim,Shorts,Both,https://silverjeans.com,https://silverjeans.com/pages/size-guide,"waist, hip, inseam",Not started,No,,
Backlog,P3,Wrangler,US,Denim,Shorts,Both,https://wrangler.com,https://wrangler.com/pages/size-guide,"waist, hip, inseam",Not started,No,,
Backlog,P3,Wrangler,US,Denim,Tops,Both,https://wrangler.com,https://wrangler.com/pages/size-guide,"chest/bust, waist, shoulder, sleeve, body length",Not started,No,,
Backlog,P3,rag & bone,US,Denim,Coats & Jackets,Both,https://rag-bone.com,https://rag-bone.com/pages/size-guide,"chest, waist, hip, sleeve, body length",Not started,No,,
Backlog,P3,rag & bone,US,Denim,Tops,Both,https://rag-bone.com,https://rag-bone.com/pages/size-guide,"chest/bust, waist, shoulder, sleeve, body length",Not started,No,,
Backlog,P3,11 Honoré,US,Petite / Tall / Plus,Tops,Women's,https://11honore.com,https://11honore.com/pages/size-guide,"chest/bust, waist, shoulder, sleeve, body length",Not started,No,,
Backlog,P2,Alloy Apparel,US,Petite / Tall / Plus,Dresses,Women's,https://alloyapparel.com,https://alloyapparel.com/pages/size-guide,"bust, waist, hip, length (hollow-to-hem)",Not started,No,,
Backlog,P3,Alloy Apparel,US,Petite / Tall / Plus,Tops,Women's,https://alloyapparel.com,https://alloyapparel.com/pages/size-guide,"chest/bust, waist, shoulder, sleeve, body length",Not started,No,,
Backlog,P2,Amalli Talli,US,Petite / Tall / Plus,Tops,Women's,https://amallitalli.com,https://amallitalli.com/pages/size-guide,"chest/bust, waist, shoulder, sleeve, body length",Not started,No,,
Backlog,P2,American Tall,CA,Petite / Tall / Plus,Coats & Jackets,Both,https://americantall.com,https://americantall.com/pages/size-guide,"chest, waist, hip, sleeve, body length",Not started,No,,
Backlog,P2,American Tall,CA,Petite / Tall / Plus,Dress shirts,Men's,https://americantall.com,https://americantall.com/pages/size-guide,"neck, chest, waist, sleeve, shoulder, body length",Not started,No,,
Backlog,P3,Ann Taylor Petite,US,Petite / Tall / Plus,Skirts,Women's,https://anntaylor.com,https://anntaylor.com/pages/size-guide,"waist, hip, length",Not started,No,,
Backlog,P2,Ann Taylor Petite,US,Petite / Tall / Plus,Tops,Women's,https://anntaylor.com,https://anntaylor.com/pages/size-guide,"chest/bust, waist, shoulder, sleeve, body length",Not started,No,,
Backlog,P3,Athleta,US,Petite / Tall / Plus,Shorts,Women's,https://athleta.gap.com,https://athleta.gap.com/pages/size-guide,"waist, hip, inseam",Not started,No,,
Backlog,P3,Athleta,US,Petite / Tall / Plus,Swimwear,Women's,https://athleta.gap.com,https://athleta.gap.com/pages/size-guide,"bust, waist, hip",Not started,No,,
Backlog,P2,Athleta,US,Petite / Tall / Plus,Tops,Women's,https://athleta.gap.com,https://athleta.gap.com/pages/size-guide,"chest/bust, waist, shoulder, sleeve, body length",Not started,No,,
Backlog,P2,Banana Republic Petite,US,Petite / Tall / Plus,Dresses,Women's,https://bananarepublic.gap.com,https://bananarepublic.gap.com/pages/size-guide,"bust, waist, hip, length (hollow-to-hem)",Not started,No,,
Backlog,P2,Banana Republic Petite,US,Petite / Tall / Plus,Tops,Women's,https://bananarepublic.gap.com,https://bananarepublic.gap.com/pages/size-guide,"chest/bust, waist, shoulder, sleeve, body length",Not started,No,,
Backlog,P2,Chico's,US,Petite / Tall / Plus,Dresses,Women's,https://chicos.com,https://chicos.com/pages/size-guide,"bust, waist, hip, length (hollow-to-hem)",Not started,No,,
Backlog,P2,Chico's,US,Petite / Tall / Plus,Tops,Women's,https://chicos.com,https://chicos.com/pages/size-guide,"chest/bust, waist, shoulder, sleeve, body length",Not started,No,,
Backlog,P2,Dia & Co,US,Petite / Tall / Plus,Bottoms,Women's,https://dia.com,https://dia.com/pages/size-guide,"waist, hip, inseam, rise, thigh, leg opening",Not started,No,,
Backlog,P2,Dia & Co,US,Petite / Tall / Plus,Tops,Women's,https://dia.com,https://dia.com/pages/size-guide,"chest/bust, waist, shoulder, sleeve, body length",Not started,No,,
Backlog,P3,ELOQUII,US,Petite / Tall / Plus,Jumpsuits,Women's,https://eloquii.com,https://eloquii.com/pages/size-guide,"bust, waist, hip, inseam, torso",Not started,No,,
Backlog,P2,ELOQUII,US,Petite / Tall / Plus,Tops,Women's,https://eloquii.com,https://eloquii.com/pages/size-guide,"chest/bust, waist, shoulder, sleeve, body length",Not started,No,,
Backlog,P2,Girlfriend Collective,US,Petite / Tall / Plus,Bras,Women's,https://girlfriend.com,https://girlfriend.com/pages/size-guide,"underbust, bust, band, cup",Not started,No,,
Backlog,P3,Girlfriend Collective,US,Petite / Tall / Plus,Swimwear,Women's,https://girlfriend.com,https://girlfriend.com/pages/size-guide,"bust, waist, hip",Not started,No,,
Backlog,P2,Girlfriend Collective,US,Petite / Tall / Plus,Tops,Women's,https://girlfriend.com,https://girlfriend.com/pages/size-guide,"chest/bust, waist, shoulder, sleeve, body length",Not started,No,,
Backlog,P3,Height Goddess,US,Petite / Tall / Plus,Dresses,Women's,https://heightgoddess.com,https://heightgoddess.com/pages/size-guide,"bust, waist, hip, length (hollow-to-hem)",Not started,No,,
Backlog,P2,Height Goddess,US,Petite / Tall / Plus,Tops,Women's,https://heightgoddess.com,https://heightgoddess.com/pages/size-guide,"chest/bust, waist, shoulder, sleeve, body length",Not started,No,,
Backlog,P2,Henning,US,Petite / Tall / Plus,Bottoms,Women's,https://henningnyc.com,https://henningnyc.com/pages/size-guide,"waist, hip, inseam, rise, thigh, leg opening",Not started,No,,
Backlog,P2,Henning,US,Petite / Tall / Plus,Dresses,Women's,https://henningnyc.com,https://henningnyc.com/pages/size-guide,"bust, waist, hip, length (hollow-to-hem)",Not started,No,,
Backlog,P3,J.Crew Petite,US,Petite / Tall / Plus,Skirts,Women's,https://jcrew.com,https://jcrew.com/pages/size-guide,"waist, hip, length",Not started,No,,
Backlog,P2,J.Crew Petite,US,Petite / Tall / Plus,Tops,Women's,https://jcrew.com,https://jcrew.com/pages/size-guide,"chest/bust, waist, shoulder, sleeve, body length",Not started,No,,
Backlog,P2,Kirrin Finch,US,Petite / Tall / Plus,Bottoms,Both,https://kirrinfinch.com,https://kirrinfinch.com/pages/size-guide,"waist, hip, inseam, rise, thigh, leg opening",Not started,No,,
Backlog,P2,Kirrin Finch,US,Petite / Tall / Plus,Suits & Blazers,Both,https://kirrinfinch.com,https://kirrinfinch.com/pages/size-guide,"chest, waist, sleeve, shoulder, neck, S/R/L length",Not started,No,,
Backlog,P2,Knix,CA,Petite / Tall / Plus,Panties,Women's,https://knix.com,https://knix.com/pages/size-guide,"waist, hip",Not started,No,,
Backlog,P3,Knix,CA,Petite / Tall / Plus,Shapewear,Women's,https://knix.com,https://knix.com/pages/size-guide,"bust, waist, hip",Not started,No,,
Backlog,P2,LOFT Petite,US,Petite / Tall / Plus,Tops,Women's,https://loft.com,https://loft.com/pages/size-guide,"chest/bust, waist, shoulder, sleeve, body length",Not started,No,,
Backlog,P2,Lane Bryant,US,Petite / Tall / Plus,Bras,Women's,https://lanebryant.com,https://lanebryant.com/pages/size-guide,"underbust, bust, band, cup",Not started,No,,
Backlog,P3,Lane Bryant,US,Petite / Tall / Plus,Swimwear,Women's,https://lanebryant.com,https://lanebryant.com/pages/size-guide,"bust, waist, hip",Not started,No,,
Backlog,P2,Lane Bryant,US,Petite / Tall / Plus,Tops,Women's,https://lanebryant.com,https://lanebryant.com/pages/size-guide,"chest/bust, waist, shoulder, sleeve, body length",Not started,No,,
Backlog,P2,Long Tall Sally,US,Petite / Tall / Plus,Tops,Women's,https://longtallsally.com,https://longtallsally.com/pages/size-guide,"chest/bust, waist, shoulder, sleeve, body length",Not started,No,,
Backlog,P2,Madewell Plus,US,Petite / Tall / Plus,Dresses,Women's,https://madewell.com,https://madewell.com/pages/size-guide,"bust, waist, hip, length (hollow-to-hem)",Not started,No,,
Backlog,P2,Nordstrom (house brands),US,Petite / Tall / Plus,Bottoms,Both,https://nordstrom.com,https://nordstrom.com/pages/size-guide,"waist, hip, inseam, rise, thigh, leg opening",Not started,No,,
Backlog,P2,Nordstrom (house brands),US,Petite / Tall / Plus,Suits & Blazers,Men's,https://nordstrom.com,https://nordstrom.com/pages/size-guide,"chest, waist, sleeve, shoulder, neck, S/R/L length",Not started,No,,
Backlog,P3,Nordstrom (house brands),US,Petite / Tall / Plus,Tops,Both,https://nordstrom.com,https://nordstrom.com/pages/size-guide,"chest/bust, waist, shoulder, sleeve, body length",Not started,No,,
Backlog,P2,Old Navy Plus,US,Petite / Tall / Plus,Dresses,Women's,https://oldnavy.gap.com,https://oldnavy.gap.com/pages/size-guide,"bust, waist, hip, length (hollow-to-hem)",Not started,No,,
Backlog,P2,Old Navy Plus,US,Petite / Tall / Plus,Tops,Women's,https://oldnavy.gap.com,https://oldnavy.gap.com/pages/size-guide,"chest/bust, waist, shoulder, sleeve, body length",Not started,No,,
Backlog,P3,Penningtons,CA,Petite / Tall / Plus,Bras,Women's,https://penningtons.com,https://penningtons.com/pages/size-guide,"underbust, bust, band, cup",Not started,No,,
Backlog,P2,Penningtons,CA,Petite / Tall / Plus,Dresses,Women's,https://penningtons.com,https://penningtons.com/pages/size-guide,"bust, waist, hip, length (hollow-to-hem)",Not started,No,,
Backlog,P2,Penningtons,CA,Petite / Tall / Plus,Tops,Women's,https://penningtons.com,https://penningtons.com/pages/size-guide,"chest/bust, waist, shoulder, sleeve, body length",Not started,No,,
Backlog,P2,RW&CO. Petite,CA,Petite / Tall / Plus,Suits & Blazers,Women's,https://rw-co.com,https://rw-co.com/pages/size-guide,"chest, waist, sleeve, shoulder, neck, S/R/L length",Not started,No,,
Backlog,P2,RW&CO. Petite,CA,Petite / Tall / Plus,Tops,Women's,https://rw-co.com,https://rw-co.com/pages/size-guide,"chest/bust, waist, shoulder, sleeve, body length",Not started,No,,
Backlog,P2,Reitmans,CA,Petite / Tall / Plus,Dresses,Women's,https://reitmans.com,https://reitmans.com/pages/size-guide,"bust, waist, hip, length (hollow-to-hem)",Not started,No,,
Backlog,P2,Reitmans,CA,Petite / Tall / Plus,Tops,Women's,https://reitmans.com,https://reitmans.com/pages/size-guide,"chest/bust, waist, shoulder, sleeve, body length",Not started,No,,
Backlog,P2,Simons Twik/Contemporaine,CA,Petite / Tall / Plus,Bottoms,Women's,https://simons.ca,https://simons.ca/pages/size-guide,"waist, hip, inseam, rise, thigh, leg opening",Not started,No,,
Backlog,P2,Simons Twik/Contemporaine,CA,Petite / Tall / Plus,Tops,Women's,https://simons.ca,https://simons.ca/pages/size-guide,"chest/bust, waist, shoulder, sleeve, body length",Not started,No,,
Backlog,P2,Talbots Petite,US,Petite / Tall / Plus,Dresses,Women's,https://talbots.com,https://talbots.com/pages/size-guide,"bust, waist, hip, length (hollow-to-hem)",Not started,No,,
Backlog,P2,Talbots Petite,US,Petite / Tall / Plus,Tops,Women's,https://talbots.com,https://talbots.com/pages/size-guide,"chest/bust, waist, shoulder, sleeve, body length",Not started,No,,
Backlog,P2,Torrid,US,Petite / Tall / Plus,Bras,Women's,https://torrid.com,https://torrid.com/pages/size-guide,"underbust, bust, band, cup",Not started,No,,
Backlog,P2,Torrid,US,Petite / Tall / Plus,Tops,Women's,https://torrid.com,https://torrid.com/pages/size-guide,"chest/bust, waist, shoulder, sleeve, body length",Not started,No,,
Backlog,P2,Universal Standard,US,Petite / Tall / Plus,Coats & Jackets,Women's,https://universalstandard.com,https://universalstandard.com/pages/size-guide,"chest, waist, hip, sleeve, body length",Not started,No,,
Backlog,P3,Universal Standard,US,Petite / Tall / Plus,Skirts,Women's,https://universalstandard.com,https://universalstandard.com/pages/size-guide,"waist, hip, length",Not started,No,,
Backlog,P2,Adrianna Papell,US,Occasion & bridal party,Bridesmaid,Women's,https://adriannapapell.com,https://adriannapapell.com/pages/size-guide,"bust, waist, hip, hollow-to-hem, extra length",Not started,No,,
Backlog,P2,Aritzia (Wilfred),CA,Occasion & bridal party,Bottoms,Women's,https://aritzia.com,https://aritzia.com/pages/size-guide,"waist, hip, inseam, rise, thigh, leg opening",Not started,No,,
Backlog,P2,Aritzia (Wilfred),CA,Occasion & bridal party,Coats & Jackets,Women's,https://aritzia.com,https://aritzia.com/pages/size-guide,"chest, waist, hip, sleeve, body length",Not started,No,,
Backlog,P3,Aritzia (Wilfred),CA,Occasion & bridal party,Tops,Women's,https://aritzia.com,https://aritzia.com/pages/size-guide,"chest/bust, waist, shoulder, sleeve, body length",Not started,No,,
Backlog,P2,Azazie,US,Occasion & bridal party,Bridal,Women's,https://azazie.com,https://azazie.com/pages/size-guide,"bust, waist, hip, hollow-to-hem",Not started,No,,
Backlog,P2,Azazie,US,Occasion & bridal party,Dresses,Women's,https://azazie.com,https://azazie.com/pages/size-guide,"bust, waist, hip, length (hollow-to-hem)",Not started,No,,
Backlog,P2,BHLDN,US,Occasion & bridal party,Bridal,Women's,https://bhldn.com,https://bhldn.com/pages/size-guide,"bust, waist, hip, hollow-to-hem",Not started,No,,
Backlog,P2,Christina Wu,US,Occasion & bridal party,Bridal,Women's,https://christinawu.com,https://christinawu.com/pages/size-guide,"bust, waist, hip, hollow-to-hem",Not started,No,,
Backlog,P2,David's Bridal,US,Occasion & bridal party,Dresses,Women's,https://davidsbridal.com,https://davidsbridal.com/pages/size-guide,"bust, waist, hip, length (hollow-to-hem)",Not started,No,,
Backlog,P2,Fame and Partners,US,Occasion & bridal party,Dresses,Women's,https://fameandpartners.com,https://fameandpartners.com/pages/size-guide,"bust, waist, hip, length (hollow-to-hem)",Not started,No,,
Backlog,P2,JJ's House,US,Occasion & bridal party,Bridal,Women's,https://jjshouse.com,https://jjshouse.com/pages/size-guide,"bust, waist, hip, hollow-to-hem",Not started,No,,
Backlog,P2,JJ's House,US,Occasion & bridal party,Dresses,Women's,https://jjshouse.com,https://jjshouse.com/pages/size-guide,"bust, waist, hip, length (hollow-to-hem)",Not started,No,,
Backlog,P2,Jenny Yoo,US,Occasion & bridal party,Bridal,Women's,https://jennyyoo.com,https://jennyyoo.com/pages/size-guide,"bust, waist, hip, hollow-to-hem",Not started,No,,
Backlog,P2,Le Château,CA,Occasion & bridal party,Suits & Blazers,Both,https://lechateau.com,https://lechateau.com/pages/size-guide,"chest, waist, sleeve, shoulder, neck, S/R/L length",Not started,No,,
Backlog,P2,Lulus,US,Occasion & bridal party,Bridesmaid,Women's,https://lulus.com,https://lulus.com/pages/size-guide,"bust, waist, hip, hollow-to-hem, extra length",Not started,No,,
Backlog,P3,Lulus,US,Occasion & bridal party,Jumpsuits,Women's,https://lulus.com,https://lulus.com/pages/size-guide,"bust, waist, hip, inseam, torso",Not started,No,,
Backlog,P2,Nadine Merabi,US,Occasion & bridal party,Jumpsuits,Women's,https://nadinemerabi.com,https://nadinemerabi.com/pages/size-guide,"bust, waist, hip, inseam, torso",Not started,No,,
Backlog,P3,Petal & Pup,US,Occasion & bridal party,Jumpsuits,Women's,https://petalandpup.com,https://petalandpup.com/pages/size-guide,"bust, waist, hip, inseam, torso",Not started,No,,
Backlog,P2,Reformation,US,Occasion & bridal party,Bottoms,Women's,https://thereformation.com,https://thereformation.com/pages/size-guide,"waist, hip, inseam, rise, thigh, leg opening",Not started,No,,
Backlog,P3,Reformation,US,Occasion & bridal party,Tops,Women's,https://thereformation.com,https://thereformation.com/pages/size-guide,"chest/bust, waist, shoulder, sleeve, body length",Not started,No,,
Backlog,P3,Rent the Runway,US,Occasion & bridal party,Jumpsuits,Women's,https://renttherunway.com,https://renttherunway.com/pages/size-guide,"bust, waist, hip, inseam, torso",Not started,No,,
Backlog,P2,Show Me Your Mumu,US,Occasion & bridal party,Dresses,Women's,https://showmeyourmumu.com,https://showmeyourmumu.com/pages/size-guide,"bust, waist, hip, length (hollow-to-hem)",Not started,No,,
Backlog,P2,Banana Republic,US,Tailoring & suits,Bottoms,Both,https://bananarepublic.gap.com,https://bananarepublic.gap.com/pages/size-guide,"waist, hip, inseam, rise, thigh, leg opening",Not started,No,,
Backlog,P3,Banana Republic,US,Tailoring & suits,Dresses,Women's,https://bananarepublic.gap.com,https://bananarepublic.gap.com/pages/size-guide,"bust, waist, hip, length (hollow-to-hem)",Not started,No,,
Backlog,P2,Black Lapel,US,Tailoring & suits,Dress shirts,Men's,https://blacklapel.com,https://blacklapel.com/pages/size-guide,"neck, chest, waist, sleeve, shoulder, body length",Not started,No,,
Backlog,P2,Bonobos,US,Tailoring & suits,Dress shirts,Men's,https://bonobos.com,https://bonobos.com/pages/size-guide,"neck, chest, waist, sleeve, shoulder, body length",Not started,No,,
Backlog,P3,Bonobos,US,Tailoring & suits,Tops,Men's,https://bonobos.com,https://bonobos.com/pages/size-guide,"chest/bust, waist, shoulder, sleeve, body length",Not started,No,,
Backlog,P3,Brooks Brothers,US,Tailoring & suits,Bottoms,Men's,https://brooksbrothers.com,https://brooksbrothers.com/pages/size-guide,"waist, hip, inseam, rise, thigh, leg opening",Not started,No,,
Backlog,P2,Buck Mason,US,Tailoring & suits,Bottoms,Men's,https://buckmason.com,https://buckmason.com/pages/size-guide,"waist, hip, inseam, rise, thigh, leg opening",Not started,No,,
Backlog,P3,Buck Mason,US,Tailoring & suits,Suits & Blazers,Men's,https://buckmason.com,https://buckmason.com/pages/size-guide,"chest, waist, sleeve, shoulder, neck, S/R/L length",Not started,No,,
Backlog,P2,Charles Tyrwhitt,US,Tailoring & suits,Suits & Blazers,Men's,https://ctshirts.com,https://ctshirts.com/pages/size-guide,"chest, waist, sleeve, shoulder, neck, S/R/L length",Not started,No,,
Backlog,P2,Express,US,Tailoring & suits,Bottoms,Both,https://express.com,https://express.com/pages/size-guide,"waist, hip, inseam, rise, thigh, leg opening",Not started,No,,
Backlog,P2,Express,US,Tailoring & suits,Dress shirts,Men's,https://express.com,https://express.com/pages/size-guide,"neck, chest, waist, sleeve, shoulder, body length",Not started,No,,
Backlog,P2,Generation Tux,US,Tailoring & suits,Dress shirts,Men's,https://generationtux.com,https://generationtux.com/pages/size-guide,"neck, chest, waist, sleeve, shoulder, body length",Not started,No,,
Backlog,P3,Harry Rosen,CA,Tailoring & suits,Coats & Jackets,Men's,https://harryrosen.com,https://harryrosen.com/pages/size-guide,"chest, waist, hip, sleeve, body length",Not started,No,,
Backlog,P2,Harry Rosen,CA,Tailoring & suits,Dress shirts,Men's,https://harryrosen.com,https://harryrosen.com/pages/size-guide,"neck, chest, waist, sleeve, shoulder, body length",Not started,No,,
Backlog,P2,Hockerty,US,Tailoring & suits,Dress shirts,Both,https://hockerty.com,https://hockerty.com/pages/size-guide,"neck, chest, waist, sleeve, shoulder, body length",Not started,No,,
Backlog,P2,Indochino,CA,Tailoring & suits,Bottoms,Men's,https://indochino.com,https://indochino.com/pages/size-guide,"waist, hip, inseam, rise, thigh, leg opening",Not started,No,,
Backlog,P3,Indochino,CA,Tailoring & suits,Coats & Jackets,Men's,https://indochino.com,https://indochino.com/pages/size-guide,"chest, waist, hip, sleeve, body length",Not started,No,,
Backlog,P2,J.Crew Ludlow,US,Tailoring & suits,Dress shirts,Men's,https://jcrew.com,https://jcrew.com/pages/size-guide,"neck, chest, waist, sleeve, shoulder, body length",Not started,No,,
Backlog,P2,Moores Clothing,CA,Tailoring & suits,Dress shirts,Men's,https://mooresclothing.ca,https://mooresclothing.ca/pages/size-guide,"neck, chest, waist, sleeve, shoulder, body length",Not started,No,,
Backlog,P2,Oliver Wicks,US,Tailoring & suits,Dress shirts,Men's,https://oliverwicks.com,https://oliverwicks.com/pages/size-guide,"neck, chest, waist, sleeve, shoulder, body length",Not started,No,,
Backlog,P2,Peter Manning NYC,US,Tailoring & suits,Suits & Blazers,Men's,https://petermanningnyc.com,https://petermanningnyc.com/pages/size-guide,"chest, waist, sleeve, shoulder, neck, S/R/L length",Not started,No,,
Backlog,P2,Proper Cloth,US,Tailoring & suits,Suits & Blazers,Men's,https://propercloth.com,https://propercloth.com/pages/size-guide,"chest, waist, sleeve, shoulder, neck, S/R/L length",Not started,No,,
Backlog,P2,RW&CO.,CA,Tailoring & suits,Bottoms,Both,https://rw-co.com,https://rw-co.com/pages/size-guide,"waist, hip, inseam, rise, thigh, leg opening",Not started,No,,
Backlog,P2,RW&CO.,CA,Tailoring & suits,Dress shirts,Men's,https://rw-co.com,https://rw-co.com/pages/size-guide,"neck, chest, waist, sleeve, shoulder, body length",Not started,No,,
Backlog,P3,Samuelsohn,CA,Tailoring & suits,Coats & Jackets,Men's,https://samuelsohn.com,https://samuelsohn.com/pages/size-guide,"chest, waist, hip, sleeve, body length",Not started,No,,
Backlog,P2,Spier & Mackay,CA,Tailoring & suits,Bottoms,Men's,https://spierandmackay.com,https://spierandmackay.com/pages/size-guide,"waist, hip, inseam, rise, thigh, leg opening",Not started,No,,
Backlog,P3,SuitSupply,US,Tailoring & suits,Coats & Jackets,Men's,https://suitsupply.com,https://suitsupply.com/pages/size-guide,"chest, waist, hip, sleeve, body length",Not started,No,,
Backlog,P2,Surmesur,CA,Tailoring & suits,Dress shirts,Men's,https://surmesur.com,https://surmesur.com/pages/size-guide,"neck, chest, waist, sleeve, shoulder, body length",Not started,No,,
Backlog,P2,The Black Tux,US,Tailoring & suits,Dress shirts,Men's,https://theblacktux.com,https://theblacktux.com/pages/size-guide,"neck, chest, waist, sleeve, shoulder, body length",Not started,No,,
Backlog,P2,Tip Top Tailors,CA,Tailoring & suits,Dress shirts,Men's,https://tiptop.ca,https://tiptop.ca/pages/size-guide,"neck, chest, waist, sleeve, shoulder, body length",Not started,No,,
Backlog,P3,Todd Snyder,US,Tailoring & suits,Tops,Men's,https://toddsnyder.com,https://toddsnyder.com/pages/size-guide,"chest/bust, waist, shoulder, sleeve, body length",Not started,No,,
Backlog,P3,Alo Yoga,US,Active & mainstream volume,Bras,Women's,https://aloyoga.com,https://aloyoga.com/pages/size-guide,"underbust, bust, band, cup",Not started,No,,
Backlog,P2,Alo Yoga,US,Active & mainstream volume,Tops,Both,https://aloyoga.com,https://aloyoga.com/pages/size-guide,"chest/bust, waist, shoulder, sleeve, body length",Not started,No,,
Backlog,P2,Arc'teryx,CA,Active & mainstream volume,Bottoms,Both,https://arcteryx.com,https://arcteryx.com/pages/size-guide,"waist, hip, inseam, rise, thigh, leg opening",Not started,No,,
Backlog,P3,Arc'teryx,CA,Active & mainstream volume,Tops,Both,https://arcteryx.com,https://arcteryx.com/pages/size-guide,"chest/bust, waist, shoulder, sleeve, body length",Not started,No,,
Backlog,P2,Aritzia,CA,Active & mainstream volume,Tops,Women's,https://aritzia.com,https://aritzia.com/pages/size-guide,"chest/bust, waist, shoulder, sleeve, body length",Not started,No,,
Backlog,P2,Club Monaco,CA,Active & mainstream volume,Bottoms,Both,https://clubmonaco.com,https://clubmonaco.com/pages/size-guide,"waist, hip, inseam, rise, thigh, leg opening",Not started,No,,
Backlog,P3,Club Monaco,CA,Active & mainstream volume,Dresses,Women's,https://clubmonaco.com,https://clubmonaco.com/pages/size-guide,"bust, waist, hip, length (hollow-to-hem)",Not started,No,,
Backlog,P2,Cuts Clothing,US,Active & mainstream volume,Bottoms,Men's,https://cutsclothing.com,https://cutsclothing.com/pages/size-guide,"waist, hip, inseam, rise, thigh, leg opening",Not started,No,,
Backlog,P3,Fabletics,US,Active & mainstream volume,Bras,Women's,https://fabletics.com,https://fabletics.com/pages/size-guide,"underbust, bust, band, cup",Not started,No,,
Backlog,P2,Fabletics,US,Active & mainstream volume,Tops,Women's,https://fabletics.com,https://fabletics.com/pages/size-guide,"chest/bust, waist, shoulder, sleeve, body length",Not started,No,,
Backlog,P2,Faherty,US,Active & mainstream volume,Bottoms,Both,https://fahertybrand.com,https://fahertybrand.com/pages/size-guide,"waist, hip, inseam, rise, thigh, leg opening",Not started,No,,
Backlog,P3,Faherty,US,Active & mainstream volume,Dresses,Women's,https://fahertybrand.com,https://fahertybrand.com/pages/size-guide,"bust, waist, hip, length (hollow-to-hem)",Not started,No,,
Backlog,P2,Gymshark,US,Active & mainstream volume,Shorts,Men's,https://gymshark.com,https://gymshark.com/pages/size-guide,"waist, hip, inseam",Not started,No,,
Backlog,P2,Gymshark,US,Active & mainstream volume,Tops,Both,https://gymshark.com,https://gymshark.com/pages/size-guide,"chest/bust, waist, shoulder, sleeve, body length",Not started,No,,
Backlog,P2,H&M,US,Active & mainstream volume,Bottoms,Both,https://hm.com,https://hm.com/pages/size-guide,"waist, hip, inseam, rise, thigh, leg opening",Not started,No,,
Backlog,P2,H&M,US,Active & mainstream volume,Tops,Both,https://hm.com,https://hm.com/pages/size-guide,"chest/bust, waist, shoulder, sleeve, body length",Not started,No,,
Backlog,P2,Joe Fresh,CA,Active & mainstream volume,Bottoms,Both,https://joefresh.com,https://joefresh.com/pages/size-guide,"waist, hip, inseam, rise, thigh, leg opening",Not started,No,,
Backlog,P3,Joe Fresh,CA,Active & mainstream volume,Boys' tops,Both,https://joefresh.com,https://joefresh.com/pages/size-guide,"chest, height, age",Not started,No,,
Backlog,P3,Joe Fresh,CA,Active & mainstream volume,Girls' tops,Both,https://joefresh.com,https://joefresh.com/pages/size-guide,"chest, height, age",Not started,No,,
Backlog,P2,Lululemon,CA,Active & mainstream volume,Bottoms,Both,https://lululemon.com,https://lululemon.com/pages/size-guide,"waist, hip, inseam, rise, thigh, leg opening",Not started,No,,
Backlog,P3,Lululemon,CA,Active & mainstream volume,Bras,Women's,https://lululemon.com,https://lululemon.com/pages/size-guide,"underbust, bust, band, cup",Not started,No,,
Backlog,P2,Lululemon,CA,Active & mainstream volume,Shorts,Men's,https://lululemon.com,https://lululemon.com/pages/size-guide,"waist, hip, inseam",Not started,No,,
Backlog,P2,Lululemon,CA,Active & mainstream volume,Tops,Both,https://lululemon.com,https://lululemon.com/pages/size-guide,"chest/bust, waist, shoulder, sleeve, body length",Not started,No,,
Backlog,P2,Mango,US,Active & mainstream volume,Bottoms,Women's,https://shop.mango.com,https://shop.mango.com/pages/size-guide,"waist, hip, inseam, rise, thigh, leg opening",Not started,No,,
Backlog,P2,Mango,US,Active & mainstream volume,Tops,Women's,https://shop.mango.com,https://shop.mango.com/pages/size-guide,"chest/bust, waist, shoulder, sleeve, body length",Not started,No,,
Backlog,P3,Marine Layer,US,Active & mainstream volume,Bottoms,Both,https://marinelayer.com,https://marinelayer.com/pages/size-guide,"waist, hip, inseam, rise, thigh, leg opening",Not started,No,,
Backlog,P2,Nike,US,Active & mainstream volume,Leggings,Women's,https://nike.com,https://nike.com/pages/size-guide,"waist, hip, inseam, rise",Not started,No,,
Backlog,P2,Nike,US,Active & mainstream volume,Shorts,Both,https://nike.com,https://nike.com/pages/size-guide,"waist, hip, inseam",Not started,No,,
Backlog,P3,Oiselle,US,Active & mainstream volume,Bras,Women's,https://oiselle.com,https://oiselle.com/pages/size-guide,"underbust, bust, band, cup",Not started,No,,
Backlog,P2,Oiselle,US,Active & mainstream volume,Tops,Women's,https://oiselle.com,https://oiselle.com/pages/size-guide,"chest/bust, waist, shoulder, sleeve, body length",Not started,No,,
Backlog,P2,Outdoor Voices,US,Active & mainstream volume,Shorts,Both,https://outdoorvoices.com,https://outdoorvoices.com/pages/size-guide,"waist, hip, inseam",Not started,No,,
Backlog,P3,Outdoor Voices,US,Active & mainstream volume,Tops,Both,https://outdoorvoices.com,https://outdoorvoices.com/pages/size-guide,"chest/bust, waist, shoulder, sleeve, body length",Not started,No,,
Backlog,P2,Quince,US,Active & mainstream volume,Bottoms,Both,https://onequince.com,https://onequince.com/pages/size-guide,"waist, hip, inseam, rise, thigh, leg opening",Not started,No,,
Backlog,P2,Quince,US,Active & mainstream volume,Dresses,Women's,https://onequince.com,https://onequince.com/pages/size-guide,"bust, waist, hip, length (hollow-to-hem)",Not started,No,,
Backlog,P2,Rhone,US,Active & mainstream volume,Bottoms,Men's,https://rhone.com,https://rhone.com/pages/size-guide,"waist, hip, inseam, rise, thigh, leg opening",Not started,No,,
Backlog,P2,Rhone,US,Active & mainstream volume,Tops,Men's,https://rhone.com,https://rhone.com/pages/size-guide,"chest/bust, waist, shoulder, sleeve, body length",Not started,No,,
Backlog,P2,Roots,CA,Active & mainstream volume,Bottoms,Both,https://roots.com,https://roots.com/pages/size-guide,"waist, hip, inseam, rise, thigh, leg opening",Not started,No,,
Backlog,P3,Roots,CA,Active & mainstream volume,Boys' tops,Both,https://roots.com,https://roots.com/pages/size-guide,"chest, height, age",Not started,No,,
Backlog,P2,Roots,CA,Active & mainstream volume,Coats & Jackets,Both,https://roots.com,https://roots.com/pages/size-guide,"chest, waist, hip, sleeve, body length",Not started,No,,
Backlog,P2,Simons,CA,Active & mainstream volume,Bottoms,Both,https://simons.ca,https://simons.ca/pages/size-guide,"waist, hip, inseam, rise, thigh, leg opening",Not started,No,,
Backlog,P2,Simons,CA,Active & mainstream volume,Tops,Both,https://simons.ca,https://simons.ca/pages/size-guide,"chest/bust, waist, shoulder, sleeve, body length",Not started,No,,
Backlog,P3,Sweaty Betty,US,Active & mainstream volume,Bras,Women's,https://sweatybetty.com,https://sweatybetty.com/pages/size-guide,"underbust, bust, band, cup",Not started,No,,
Backlog,P2,Sweaty Betty,US,Active & mainstream volume,Tops,Women's,https://sweatybetty.com,https://sweatybetty.com/pages/size-guide,"chest/bust, waist, shoulder, sleeve, body length",Not started,No,,
Backlog,P2,Ten Thousand,US,Active & mainstream volume,Tops,Men's,https://tenthousand.cc,https://tenthousand.cc/pages/size-guide,"chest/bust, waist, shoulder, sleeve, body length",Not started,No,,
Backlog,P2,Tracksmith,US,Active & mainstream volume,Tops,Both,https://tracksmith.com,https://tracksmith.com/pages/size-guide,"chest/bust, waist, shoulder, sleeve, body length",Not started,No,,
Backlog,P2,Under Armour,US,Active & mainstream volume,Leggings,Women's,https://underarmour.com,https://underarmour.com/pages/size-guide,"waist, hip, inseam, rise",Not started,No,,
Backlog,P2,Under Armour,US,Active & mainstream volume,Shorts,Both,https://underarmour.com,https://underarmour.com/pages/size-guide,"waist, hip, inseam",Not started,No,,
Backlog,P2,Uniqlo,US,Active & mainstream volume,Bottoms,Both,https://uniqlo.com,https://uniqlo.com/pages/size-guide,"waist, hip, inseam, rise, thigh, leg opening",Not started,No,,
Backlog,P2,Uniqlo,US,Active & mainstream volume,Coats & Jackets,Both,https://uniqlo.com,https://uniqlo.com/pages/size-guide,"chest, waist, hip, sleeve, body length",Not started,No,,
Backlog,P2,Vuori,US,Active & mainstream volume,Bottoms,Both,https://vuoriclothing.com,https://vuoriclothing.com/pages/size-guide,"waist, hip, inseam, rise, thigh, leg opening",Not started,No,,
Backlog,P2,Vuori,US,Active & mainstream volume,Leggings,Women's,https://vuoriclothing.com,https://vuoriclothing.com/pages/size-guide,"waist, hip, inseam, rise",Not started,No,,
Backlog,P3,Vuori,US,Active & mainstream volume,Tops,Both,https://vuoriclothing.com,https://vuoriclothing.com/pages/size-guide,"chest/bust, waist, shoulder, sleeve, body length",Not started,No,,
Backlog,P2,Zara,US,Active & mainstream volume,Bottoms,Both,https://zara.com,https://zara.com/pages/size-guide,"waist, hip, inseam, rise, thigh, leg opening",Not started,No,,
Backlog,P3,Zara,US,Active & mainstream volume,Coats & Jackets,Both,https://zara.com,https://zara.com/pages/size-guide,"chest, waist, hip, sleeve, body length",Not started,No,,
Backlog,P2,Zara,US,Active & mainstream volume,Tops,Both,https://zara.com,https://zara.com/pages/size-guide,"chest/bust, waist, shoulder, sleeve, body length",Not started,No,,
Backlog,P2,adidas,US,Active & mainstream volume,Leggings,Women's,https://adidas.com,https://adidas.com/pages/size-guide,"waist, hip, inseam, rise",Not started,No,,
Backlog,P2,adidas,US,Active & mainstream volume,Shorts,Both,https://adidas.com,https://adidas.com/pages/size-guide,"waist, hip, inseam",Not started,No,,
